{"cameraMode":{"drawMode":0,"name":"Shaded","section":"Shading Mode"},"sceneLighting":false,"audioPlay":false,"sceneViewState":{"showFog":true,"showMaterialUpdate":true,"showSkybox":false,"showFlares":true,"showImageEffects":true,"showParticleSystems":true},"in2DMode":false,"pivot":{"x":2.0,"y":0.0000152587890625,"z":1.9999897480010987},"rotation":{"x":-0.18786625564098359,"y":-0.48651933670043948,"z":0.10796713829040528,"w":-0.8463966250419617},"size":2.8580281734466554,"orthographic":false}