{"cameraMode":{"drawMode":0,"name":"Shaded","section":"Shading Mode"},"sceneLighting":false,"audioPlay":false,"sceneViewState":{"showFog":true,"showMaterialUpdate":true,"showSkybox":false,"showFlares":true,"showImageEffects":true,"showParticleSystems":true},"in2DMode":false,"pivot":{"x":-10.329999923706055,"y":3.9200000762939455,"z":-6.28000020980835},"rotation":{"x":-0.05063532665371895,"y":-0.514258861541748,"z":0.030429113656282426,"w":-0.8556056022644043},"size":6.566917419433594,"orthographic":false}