{"cameraMode":{"drawMode":0,"name":"Shaded","section":"Shading Mode"},"sceneLighting":false,"audioPlay":false,"sceneViewState":{"showFog":true,"showMaterialUpdate":true,"showSkybox":false,"showFlares":true,"showImageEffects":true,"showParticleSystems":true},"in2DMode":false,"pivot":{"x":1.5,"y":0.2502557635307312,"z":1.4999897480010987},"rotation":{"x":-0.18786625564098359,"y":-0.48651933670043948,"z":0.10796713829040528,"w":-0.8463966250419617},"size":2.475414514541626,"orthographic":false}